{"mean":{"confidence_interval":{"confidence_level":0.95,"lower_bound":8301915.023333332,"upper_bound":8409586.945},"point_estimate":8354339.171666665,"standard_error":27438.11931606552},"median":{"confidence_interval":{"confidence_level":0.95,"lower_bound":8237812.5,"upper_bound":8358857.666666667},"point_estimate":8297520.75,"standard_error":31041.223148485722},"median_abs_dev":{"confidence_interval":{"confidence_level":0.95,"lower_bound":170020.3642815356,"upper_bound":303500.569611788},"point_estimate":224588.19761276222,"standard_error":34547.07813540651},"slope":null,"std_dev":{"confidence_interval":{"confidence_level":0.95,"lower_bound":235239.90434226464,"upper_bound":310667.85942131275},"point_estimate":276217.50231316057,"standard_error":19125.66067600378}}