{"mean":{"confidence_interval":{"confidence_level":0.95,"lower_bound":4703217.647250001,"upper_bound":4721964.819045455},"point_estimate":4712358.44818182,"standard_error":4775.072210606437},"median":{"confidence_interval":{"confidence_level":0.95,"lower_bound":4690371.2727272725,"upper_bound":4716280.318181818},"point_estimate":4699969.7272727275,"standard_error":7062.886952375799},"median_abs_dev":{"confidence_interval":{"confidence_level":0.95,"lower_bound":33164.750547571864,"upper_bound":52736.50562646703},"point_estimate":41524.05354461943,"standard_error":4989.099942451141},"slope":null,"std_dev":{"confidence_interval":{"confidence_level":0.95,"lower_bound":38903.90926491075,"upper_bound":56567.89234413995},"point_estimate":48026.360239594505,"standard_error":4529.176435753288}}