{"mean":{"confidence_interval":{"confidence_level":0.95,"lower_bound":12903963.8783125,"upper_bound":12947040.735875001},"point_estimate":12924311.86,"standard_error":10963.172123717162},"median":{"confidence_interval":{"confidence_level":0.95,"lower_bound":12888140.625,"upper_bound":12919291.625},"point_estimate":12908192.75,"standard_error":8983.923553806419},"median_abs_dev":{"confidence_interval":{"confidence_level":0.95,"lower_bound":58006.72397017479,"upper_bound":95790.04299938679},"point_estimate":77365.21715149283,"standard_error":9402.542159360823},"slope":null,"std_dev":{"confidence_interval":{"confidence_level":0.95,"lower_bound":77106.93092388313,"upper_bound":142411.15922383414},"point_estimate":109665.83868412866,"standard_error":16937.44677440916}}