{"mean":{"confidence_interval":{"confidence_level":0.95,"lower_bound":76628120.34,"upper_bound":77159235.851},"point_estimate":76882484.95,"standard_error":136194.99101920417},"median":{"confidence_interval":{"confidence_level":0.95,"lower_bound":76429750.0,"upper_bound":76750833.5},"point_estimate":76617812.5,"standard_error":93242.98410195117},"median_abs_dev":{"confidence_interval":{"confidence_level":0.95,"lower_bound":496238.81328999996,"upper_bound":1012615.7820224762},"point_estimate":739971.5772628784,"standard_error":131875.28862852696},"slope":null,"std_dev":{"confidence_interval":{"confidence_level":0.95,"lower_bound":1062251.9091994558,"upper_bound":1612160.6174695014},"point_estimate":1362615.8996825356,"standard_error":140442.9919198217}}