{"mean":{"confidence_interval":{"confidence_level":0.95,"lower_bound":22708593.131250005,"upper_bound":23006928.048749987},"point_estimate":22857872.35333333,"standard_error":76291.24378422723},"median":{"confidence_interval":{"confidence_level":0.95,"lower_bound":22649673.5,"upper_bound":23155194.333333332},"point_estimate":22969749.833333336,"standard_error":151453.59008137803},"median_abs_dev":{"confidence_interval":{"confidence_level":0.95,"lower_bound":625759.9824905377,"upper_bound":1000198.7601429233},"point_estimate":791245.5676525813,"standard_error":93870.56264757064},"slope":null,"std_dev":{"confidence_interval":{"confidence_level":0.95,"lower_bound":666896.3114192401,"upper_bound":849330.7982949183},"point_estimate":762390.3056615205,"standard_error":46297.63025601398}}