{"mean":{"confidence_interval":{"confidence_level":0.95,"lower_bound":32690579.988,"upper_bound":33817568.65075},"point_estimate":33198340.64,"standard_error":288631.69069269026},"median":{"confidence_interval":{"confidence_level":0.95,"lower_bound":32612562.5,"upper_bound":33096771.0},"point_estimate":32793770.75,"standard_error":128097.20300079626},"median_abs_dev":{"confidence_interval":{"confidence_level":0.95,"lower_bound":924200.1912921667,"upper_bound":1724356.4318865538},"point_estimate":1271206.4216315746,"standard_error":208498.52139810217},"slope":null,"std_dev":{"confidence_interval":{"confidence_level":0.95,"lower_bound":1502563.0787517966,"upper_bound":4199174.541106737},"point_estimate":2899075.393353257,"standard_error":711942.7408459703}}